[{"model": "admin.logentry", "pk": 1, "fields": {"action_time": "2021-10-29T11:39:27.394Z", "user": 1, "content_type": 7, "object_id": "1", "object_repr": "babushkabakes.example.com", "action_flag": 2, "change_message": "[{\"changed\": {\"fields\": [\"Domain name\", \"Display name\"]}}]"}}, {"model": "admin.logentry", "pk": 2, "fields": {"action_time": "2021-10-29T11:53:07.806Z", "user": 1, "content_type": 8, "object_id": "1", "object_repr": "tanja.godinic@gmail.com", "action_flag": 2, "change_message": "[{\"changed\": {\"fields\": [\"Verified\", \"Primary\"]}}]"}}, {"model": "admin.logentry", "pk": 3, "fields": {"action_time": "2021-11-08T20:51:19.302Z", "user": 1, "content_type": 13, "object_id": "1", "object_repr": "Cakes", "action_flag": 1, "change_message": "[{\"added\": {}}]"}}, {"model": "admin.logentry", "pk": 4, "fields": {"action_time": "2021-11-08T20:51:36.598Z", "user": 1, "content_type": 13, "object_id": "2", "object_repr": "Bread", "action_flag": 1, "change_message": "[{\"added\": {}}]"}}, {"model": "admin.logentry", "pk": 5, "fields": {"action_time": "2021-11-08T20:52:46.675Z", "user": 1, "content_type": 14, "object_id": "1", "object_repr": "Cake Amelie", "action_flag": 1, "change_message": "[{\"added\": {}}]"}}, {"model": "admin.logentry", "pk": 6, "fields": {"action_time": "2021-11-09T14:54:02.859Z", "user": 1, "content_type": 14, "object_id": "2", "object_repr": "Apple Cake", "action_flag": 1, "change_message": "[{\"added\": {}}]"}}, {"model": "admin.logentry", "pk": 7, "fields": {"action_time": "2021-11-09T14:54:55.886Z", "user": 1, "content_type": 14, "object_id": "1", "object_repr": "Cake Amelie", "action_flag": 2, "change_message": "[{\"changed\": {\"fields\": [\"Image\"]}}]"}}, {"model": "admin.logentry", "pk": 8, "fields": {"action_time": "2021-11-09T14:56:48.286Z", "user": 1, "content_type": 14, "object_id": "3", "object_repr": "Mademoiselle", "action_flag": 1, "change_message": "[{\"added\": {}}]"}}, {"model": "admin.logentry", "pk": 9, "fields": {"action_time": "2021-11-09T14:58:47.440Z", "user": 1, "content_type": 14, "object_id": "4", "object_repr": "Nathalie", "action_flag": 1, "change_message": "[{\"added\": {}}]"}}, {"model": "admin.logentry", "pk": 10, "fields": {"action_time": "2021-11-09T15:59:37.935Z", "user": 1, "content_type": 14, "object_id": "4", "object_repr": "Nathalie", "action_flag": 2, "change_message": "[{\"changed\": {\"fields\": [\"Category\"]}}]"}}, {"model": "admin.logentry", "pk": 11, "fields": {"action_time": "2021-11-09T16:03:51.380Z", "user": 1, "content_type": 14, "object_id": "5", "object_repr": "Sourdough Bread", "action_flag": 1, "change_message": "[{\"added\": {}}]"}}, {"model": "admin.logentry", "pk": 12, "fields": {"action_time": "2021-11-09T16:04:35.220Z", "user": 1, "content_type": 14, "object_id": "1", "object_repr": "Cake Amelie", "action_flag": 2, "change_message": "[{\"changed\": {\"fields\": [\"Sku\"]}}]"}}, {"model": "admin.logentry", "pk": 13, "fields": {"action_time": "2021-11-09T16:04:52.653Z", "user": 1, "content_type": 14, "object_id": "1", "object_repr": "Cake Amelie", "action_flag": 2, "change_message": "[{\"changed\": {\"fields\": [\"Sku\"]}}]"}}, {"model": "admin.logentry", "pk": 14, "fields": {"action_time": "2021-11-09T16:05:11.624Z", "user": 1, "content_type": 14, "object_id": "2", "object_repr": "Apple Cake", "action_flag": 2, "change_message": "[{\"changed\": {\"fields\": [\"Sku\"]}}]"}}, {"model": "admin.logentry", "pk": 15, "fields": {"action_time": "2021-11-09T16:05:40.045Z", "user": 1, "content_type": 14, "object_id": "3", "object_repr": "Mademoiselle", "action_flag": 2, "change_message": "[{\"changed\": {\"fields\": [\"Sku\"]}}]"}}, {"model": "admin.logentry", "pk": 16, "fields": {"action_time": "2021-11-09T16:06:05.029Z", "user": 1, "content_type": 14, "object_id": "1", "object_repr": "Cake Amelie", "action_flag": 2, "change_message": "[{\"changed\": {\"fields\": [\"Sku\"]}}]"}}, {"model": "admin.logentry", "pk": 17, "fields": {"action_time": "2021-11-09T16:06:32Z", "user": 1, "content_type": 14, "object_id": "4", "object_repr": "Nathalie", "action_flag": 2, "change_message": "[{\"changed\": {\"fields\": [\"Sku\"]}}]"}}, {"model": "admin.logentry", "pk": 18, "fields": {"action_time": "2021-11-09T16:10:38.928Z", "user": 1, "content_type": 14, "object_id": "6", "object_repr": "Rye Bread", "action_flag": 1, "change_message": "[{\"added\": {}}]"}}, {"model": "admin.logentry", "pk": 19, "fields": {"action_time": "2021-11-09T16:10:47.959Z", "user": 1, "content_type": 14, "object_id": "5", "object_repr": "Sourdough Bread", "action_flag": 2, "change_message": "[{\"changed\": {\"fields\": [\"Sku\"]}}]"}}, {"model": "admin.logentry", "pk": 20, "fields": {"action_time": "2021-11-09T16:15:04.431Z", "user": 1, "content_type": 14, "object_id": "6", "object_repr": "Rye Bread", "action_flag": 2, "change_message": "[{\"changed\": {\"fields\": [\"Image\"]}}]"}}, {"model": "admin.logentry", "pk": 21, "fields": {"action_time": "2021-11-09T16:15:41.480Z", "user": 1, "content_type": 14, "object_id": "6", "object_repr": "Rye Bread", "action_flag": 2, "change_message": "[{\"changed\": {\"fields\": [\"Image\"]}}]"}}, {"model": "admin.logentry", "pk": 22, "fields": {"action_time": "2021-11-09T16:15:59.998Z", "user": 1, "content_type": 14, "object_id": "6", "object_repr": "Rye Bread", "action_flag": 2, "change_message": "[{\"changed\": {\"fields\": [\"Image\"]}}]"}}, {"model": "admin.logentry", "pk": 23, "fields": {"action_time": "2021-11-09T16:18:18.150Z", "user": 1, "content_type": 14, "object_id": "6", "object_repr": "Rye Bread", "action_flag": 2, "change_message": "[{\"changed\": {\"fields\": [\"Image\"]}}]"}}, {"model": "admin.logentry", "pk": 24, "fields": {"action_time": "2021-11-09T16:26:02.967Z", "user": 1, "content_type": 14, "object_id": "7", "object_repr": "Foccacia", "action_flag": 1, "change_message": "[{\"added\": {}}]"}}, {"model": "admin.logentry", "pk": 25, "fields": {"action_time": "2021-11-09T16:27:25.463Z", "user": 1, "content_type": 14, "object_id": "7", "object_repr": "Foccacia", "action_flag": 2, "change_message": "[{\"changed\": {\"fields\": [\"Image\"]}}]"}}, {"model": "admin.logentry", "pk": 26, "fields": {"action_time": "2021-11-09T16:32:28.595Z", "user": 1, "content_type": 14, "object_id": "8", "object_repr": "Pumpkin Maple Cornbread", "action_flag": 1, "change_message": "[{\"added\": {}}]"}}, {"model": "admin.logentry", "pk": 27, "fields": {"action_time": "2021-11-09T20:17:28.653Z", "user": 1, "content_type": 14, "object_id": "6", "object_repr": "Rye Bread", "action_flag": 2, "change_message": "[{\"changed\": {\"fields\": [\"Category\"]}}]"}}, {"model": "admin.logentry", "pk": 28, "fields": {"action_time": "2021-11-12T20:14:37.622Z", "user": 1, "content_type": 16, "object_id": "1", "object_repr": "test post|Tanya-Go", "action_flag": 1, "change_message": "[{\"added\": {}}]"}}, {"model": "admin.logentry", "pk": 29, "fields": {"action_time": "2021-11-12T20:22:05.307Z", "user": 1, "content_type": 16, "object_id": "2", "object_repr": "Best Donuts Ever | Tanya-Go", "action_flag": 1, "change_message": "[{\"added\": {}}]"}}, {"model": "admin.logentry", "pk": 30, "fields": {"action_time": "2021-11-12T20:50:27.185Z", "user": 1, "content_type": 16, "object_id": "2", "object_repr": "Best Donuts Ever | Tanya-Go", "action_flag": 2, "change_message": "[{\"changed\": {\"fields\": [\"Image\"]}}]"}}, {"model": "admin.logentry", "pk": 31, "fields": {"action_time": "2021-11-12T20:50:58.050Z", "user": 1, "content_type": 16, "object_id": "1", "object_repr": "test post | Tanya-Go", "action_flag": 2, "change_message": "[{\"changed\": {\"fields\": [\"Body\", \"Image\"]}}]"}}, {"model": "admin.logentry", "pk": 32, "fields": {"action_time": "2021-11-12T23:10:10.168Z", "user": 1, "content_type": 16, "object_id": "4", "object_repr": "Third post | Tanya-Go", "action_flag": 3, "change_message": ""}}, {"model": "admin.logentry", "pk": 33, "fields": {"action_time": "2021-11-12T23:46:50.694Z", "user": 1, "content_type": 16, "object_id": "5", "object_repr": "new stlye blog | Tanya-Go", "action_flag": 2, "change_message": "[{\"changed\": {\"fields\": [\"Body\"]}}]"}}, {"model": "admin.logentry", "pk": 34, "fields": {"action_time": "2021-11-22T18:21:53.016Z", "user": 1, "content_type": 16, "object_id": "6", "object_repr": "Make the Best Sourdough Bread | Tanya-Go", "action_flag": 2, "change_message": "[{\"changed\": {\"fields\": [\"Image\"]}}]"}}, {"model": "admin.logentry", "pk": 35, "fields": {"action_time": "2021-11-23T13:31:27.409Z", "user": 1, "content_type": 16, "object_id": "2", "object_repr": "The Old-Fashioned Sour Cream Doughnuts | Tanya-Go", "action_flag": 2, "change_message": "[{\"changed\": {\"fields\": [\"Image\"]}}]"}}, {"model": "admin.logentry", "pk": 36, "fields": {"action_time": "2021-11-23T13:32:02.249Z", "user": 1, "content_type": 16, "object_id": "6", "object_repr": "Make the Best Sourdough Bread | Tanya-Go", "action_flag": 2, "change_message": "[{\"changed\": {\"fields\": [\"Subtitle\"]}}]"}}, {"model": "admin.logentry", "pk": 37, "fields": {"action_time": "2021-11-23T13:33:01.302Z", "user": 1, "content_type": 16, "object_id": "2", "object_repr": "The Old-Fashioned Sour Cream Doughnuts | Tanya-Go", "action_flag": 2, "change_message": "[{\"changed\": {\"fields\": [\"Subtitle\"]}}]"}}, {"model": "admin.logentry", "pk": 38, "fields": {"action_time": "2021-11-23T13:44:13.678Z", "user": 1, "content_type": 16, "object_id": "2", "object_repr": "The Old-Fashioned Sour Cream Doughnuts | Tanya-Go", "action_flag": 2, "change_message": "[{\"changed\": {\"fields\": [\"Image\"]}}]"}}, {"model": "admin.logentry", "pk": 39, "fields": {"action_time": "2021-11-28T18:41:51.816Z", "user": 1, "content_type": 18, "object_id": "6", "object_repr": "A7EAD00DA6384B90BE774790B9E3A6F6", "action_flag": 2, "change_message": "[{\"changed\": {\"name\": \"order line item\", \"object\": \"SKU ckamesm21121 on order A7EAD00DA6384B90BE774790B9E3A6F6\", \"fields\": [\"Quantity\"]}}]"}}, {"model": "admin.logentry", "pk": 40, "fields": {"action_time": "2021-11-30T21:19:14.422Z", "user": 1, "content_type": 4, "object_id": "2", "object_repr": "PetraD", "action_flag": 2, "change_message": "[{\"changed\": {\"fields\": [\"Staff status\"]}}]"}}, {"model": "admin.logentry", "pk": 41, "fields": {"action_time": "2021-12-01T19:07:08.555Z", "user": 1, "content_type": 4, "object_id": "1", "object_repr": "tanja.godinic@gmail.com", "action_flag": 2, "change_message": "[{\"changed\": {\"fields\": [\"Username\", \"First name\", \"Last name\"]}}]"}}, {"model": "admin.logentry", "pk": 42, "fields": {"action_time": "2021-12-01T19:07:37.015Z", "user": 1, "content_type": 4, "object_id": "1", "object_repr": "Tanya-Go", "action_flag": 2, "change_message": "[{\"changed\": {\"fields\": [\"Username\"]}}]"}}, {"model": "admin.logentry", "pk": 43, "fields": {"action_time": "2021-12-03T13:08:08.150Z", "user": 1, "content_type": 14, "object_id": "11", "object_repr": "Cookies", "action_flag": 3, "change_message": ""}}, {"model": "admin.logentry", "pk": 44, "fields": {"action_time": "2021-12-03T13:08:08.155Z", "user": 1, "content_type": 14, "object_id": "10", "object_repr": "bla", "action_flag": 3, "change_message": ""}}, {"model": "admin.logentry", "pk": 45, "fields": {"action_time": "2021-12-03T13:08:08.159Z", "user": 1, "content_type": 14, "object_id": "9", "object_repr": "test", "action_flag": 3, "change_message": ""}}, {"model": "admin.logentry", "pk": 46, "fields": {"action_time": "2021-12-06T17:19:55.633Z", "user": 1, "content_type": 8, "object_id": "1", "object_repr": "tanja.godinic@gmail.com", "action_flag": 2, "change_message": "[]"}}, {"model": "admin.logentry", "pk": 47, "fields": {"action_time": "2021-12-06T17:21:53.985Z", "user": 1, "content_type": 8, "object_id": "2", "object_repr": "petra@babushka-bakes.com", "action_flag": 2, "change_message": "[{\"changed\": {\"fields\": [\"Verified\"]}}]"}}, {"model": "admin.logentry", "pk": 48, "fields": {"action_time": "2021-12-06T21:45:25.338Z", "user": 1, "content_type": 14, "object_id": "7", "object_repr": "Foccacia", "action_flag": 2, "change_message": "[{\"changed\": {\"fields\": [\"Image\"]}}]"}}, {"model": "admin.logentry", "pk": 49, "fields": {"action_time": "2021-12-06T21:46:06.120Z", "user": 1, "content_type": 14, "object_id": "6", "object_repr": "Rye Bread", "action_flag": 2, "change_message": "[{\"changed\": {\"fields\": [\"Image\"]}}]"}}, {"model": "admin.logentry", "pk": 50, "fields": {"action_time": "2021-12-06T21:50:45.011Z", "user": 1, "content_type": 14, "object_id": "7", "object_repr": "Foccacia", "action_flag": 2, "change_message": "[{\"changed\": {\"fields\": [\"Image\"]}}]"}}, {"model": "admin.logentry", "pk": 51, "fields": {"action_time": "2021-12-06T21:50:58.046Z", "user": 1, "content_type": 14, "object_id": "7", "object_repr": "Foccacia", "action_flag": 2, "change_message": "[{\"changed\": {\"fields\": [\"Image\"]}}]"}}, {"model": "admin.logentry", "pk": 52, "fields": {"action_time": "2021-12-06T21:56:35.019Z", "user": 1, "content_type": 14, "object_id": "7", "object_repr": "Foccacia", "action_flag": 2, "change_message": "[{\"changed\": {\"fields\": [\"Image\"]}}]"}}, {"model": "admin.logentry", "pk": 53, "fields": {"action_time": "2021-12-06T22:00:45.643Z", "user": 1, "content_type": 14, "object_id": "7", "object_repr": "Foccacia", "action_flag": 2, "change_message": "[{\"changed\": {\"fields\": [\"Image\"]}}]"}}, {"model": "admin.logentry", "pk": 54, "fields": {"action_time": "2021-12-06T22:05:35.670Z", "user": 1, "content_type": 14, "object_id": "7", "object_repr": "Foccacia", "action_flag": 2, "change_message": "[{\"changed\": {\"fields\": [\"Image\"]}}]"}}, {"model": "admin.logentry", "pk": 55, "fields": {"action_time": "2021-12-06T22:10:39.911Z", "user": 1, "content_type": 14, "object_id": "6", "object_repr": "Rye Bread", "action_flag": 2, "change_message": "[{\"changed\": {\"fields\": [\"Image\"]}}]"}}, {"model": "admin.logentry", "pk": 56, "fields": {"action_time": "2021-12-06T23:39:26.150Z", "user": 1, "content_type": 14, "object_id": "7", "object_repr": "Foccacia", "action_flag": 2, "change_message": "[{\"changed\": {\"fields\": [\"Image\"]}}]"}}, {"model": "admin.logentry", "pk": 57, "fields": {"action_time": "2021-12-06T23:39:46.656Z", "user": 1, "content_type": 14, "object_id": "6", "object_repr": "Rye Bread", "action_flag": 2, "change_message": "[{\"changed\": {\"fields\": [\"Image\"]}}]"}}, {"model": "admin.logentry", "pk": 58, "fields": {"action_time": "2021-12-07T12:41:41.625Z", "user": 1, "content_type": 16, "object_id": "6", "object_repr": "Make the Best Sourdough Bread | Tanya-Go", "action_flag": 2, "change_message": "[{\"changed\": {\"fields\": [\"Image\"]}}]"}}, {"model": "admin.logentry", "pk": 59, "fields": {"action_time": "2021-12-07T12:41:59.784Z", "user": 1, "content_type": 16, "object_id": "2", "object_repr": "The Old-Fashioned Sour Cream Doughnuts | Tanya-Go", "action_flag": 2, "change_message": "[{\"changed\": {\"fields\": [\"Image\"]}}]"}}, {"model": "admin.logentry", "pk": 60, "fields": {"action_time": "2021-12-09T13:10:21.523Z", "user": 1, "content_type": 16, "object_id": "7", "object_repr": "Make The Perfect Icing | PetraD", "action_flag": 2, "change_message": "[{\"changed\": {\"fields\": [\"Image\"]}}]"}}, {"model": "admin.logentry", "pk": 61, "fields": {"action_time": "2021-12-09T13:12:57.816Z", "user": 1, "content_type": 16, "object_id": "2", "object_repr": "The Old-Fashioned Sour Cream Doughnuts | Tanya-Go", "action_flag": 2, "change_message": "[{\"changed\": {\"fields\": [\"Image\"]}}]"}}, {"model": "admin.logentry", "pk": 62, "fields": {"action_time": "2021-12-15T15:21:00.014Z", "user": 1, "content_type": 16, "object_id": "14", "object_repr": "test 2 | Tanya-Go", "action_flag": 1, "change_message": "[{\"added\": {}}]"}}, {"model": "admin.logentry", "pk": 63, "fields": {"action_time": "2021-12-17T18:51:48.096Z", "user": 1, "content_type": 4, "object_id": "10", "object_repr": "Tinab", "action_flag": 3, "change_message": ""}}, {"model": "auth.user", "pk": 1, "fields": {"password": "pbkdf2_sha256$260000$XlCqkTARE5l8Fd2CE6xGWQ$B0+GxUYioXO/ma0EU1czhguTvF6JPeDWnwF81aq6puc=", "last_login": "2021-12-20T18:15:06.698Z", "is_superuser": true, "username": "Tanya-Go", "first_name": "Tanja", "last_name": "Godinic", "email": "tanja.godinic@gmail.com", "is_staff": true, "is_active": true, "date_joined": "2021-10-29T11:23:34Z", "groups": [], "user_permissions": []}}, {"model": "auth.user", "pk": 2, "fields": {"password": "pbkdf2_sha256$260000$YuuahnuQpW78iMtKlRGFwe$Tk+uaTJcC65cLhHvEsG2apfZp4CQQF8zGqwIhrLkj2Y=", "last_login": null, "is_superuser": false, "username": "PetraD", "first_name": "", "last_name": "", "email": "petra@babushka-bakes.com", "is_staff": true, "is_active": true, "date_joined": "2021-11-30T20:28:03Z", "groups": [], "user_permissions": []}}, {"model": "auth.user", "pk": 3, "fields": {"password": "pbkdf2_sha256$260000$pufxGx2P6HPd6VQuTHvyoY$3kkcs73GI0Z1TV3C+AhoUnPnaQv1/dmyqBEnGTRS2Y4=", "last_login": null, "is_superuser": false, "username": "info", "first_name": "", "last_name": "", "email": "info@babushka-bakes.com", "is_staff": false, "is_active": true, "date_joined": "2021-11-30T20:40:00.105Z", "groups": [], "user_permissions": []}}, {"model": "auth.user", "pk": 4, "fields": {"password": "pbkdf2_sha256$260000$4hzuNxYXqzuupf3mfm21Bl$Ym2TVqLGLP0g/GwCYKk+b24VEc0V7IzOn3CbHSrHipg=", "last_login": null, "is_superuser": false, "username": "baba", "first_name": "", "last_name": "", "email": "test@test.com", "is_staff": false, "is_active": true, "date_joined": "2021-11-30T21:06:54.105Z", "groups": [], "user_permissions": []}}, {"model": "auth.user", "pk": 5, "fields": {"password": "pbkdf2_sha256$260000$5EezPl3iNh2BUZf7Lm3te5$jBRQgvJef5pcUGLvKzUHhalg4WMIOle2jEeBfWHiiZQ=", "last_login": null, "is_superuser": false, "username": "baba-bo", "first_name": "", "last_name": "", "email": "testing@tt.com", "is_staff": false, "is_active": true, "date_joined": "2021-12-01T10:01:21.698Z", "groups": [], "user_permissions": []}}, {"model": "auth.user", "pk": 6, "fields": {"password": "pbkdf2_sha256$260000$18FxOiV4A87DX7jXfAOEid$80sSzPSMH0lRFzXyNlDycxhJXJhjQTjYIstCiNvm1F8=", "last_login": null, "is_superuser": false, "username": "tmmmmmmmmm", "first_name": "", "last_name": "", "email": "mmmm@gmali.com", "is_staff": false, "is_active": true, "date_joined": "2021-12-01T10:29:29.837Z", "groups": [], "user_permissions": []}}, {"model": "auth.user", "pk": 7, "fields": {"password": "pbkdf2_sha256$260000$GnuwUxnUNFbkdvFsurOpPb$eimnU7MJJk19/nhQlGW3KyQS1hawrKMbjrQxNZE2hw4=", "last_login": null, "is_superuser": false, "username": "testing", "first_name": "", "last_name": "", "email": "testy@tt.com", "is_staff": false, "is_active": true, "date_joined": "2021-12-01T17:35:04.569Z", "groups": [], "user_permissions": []}}, {"model": "auth.user", "pk": 8, "fields": {"password": "pbkdf2_sha256$260000$mUnTOMihtTiClt3I75qutJ$mk0i71CHVT6pqjOai5YHJVkQw/Doa2tJgA+RQdsPhz0=", "last_login": "2021-12-04T20:41:11.505Z", "is_superuser": false, "username": "Guest", "first_name": "", "last_name": "", "email": "guest@guest.com", "is_staff": false, "is_active": true, "date_joined": "2021-12-04T20:40:04.559Z", "groups": [], "user_permissions": []}}, {"model": "auth.user", "pk": 9, "fields": {"password": "pbkdf2_sha256$260000$W6xp3LeVjSbbVpvmGoBudc$ZH/NdGHFUBd9fy3Ye86jBmvHXUwWB0P8K9DvgD2J980=", "last_login": null, "is_superuser": true, "username": "TanGo", "first_name": "", "last_name": "", "email": "tanja.godinic@gmail.com", "is_staff": true, "is_active": true, "date_joined": "2021-12-05T17:08:27.774Z", "groups": [], "user_permissions": []}}, {"model": "auth.user", "pk": 11, "fields": {"password": "pbkdf2_sha256$260000$Qm2dB6J5DgkXi9RROiOgG4$beeZYDFZfwy64fJrrwWuWsNeF3T9aWlyalWFYsGJHSE=", "last_login": "2021-12-17T18:54:12.022Z", "is_superuser": false, "username": "Toto", "first_name": "", "last_name": "", "email": "tanja.1809@gmail.com", "is_staff": false, "is_active": true, "date_joined": "2021-12-17T18:53:26.820Z", "groups": [], "user_permissions": []}}, {"model": "sessions.session", "pk": "0x54fjhyf9157mahkpqlau7cteu56c5x", "fields": {"session_data": ".eJxVj81uAjEMhN8l53aVzS_myL3PEDmJl91SJSgOKhXi3ZuVuCDNyTPfaPwQCVsXx8fzQ4QrMv_WlkMjph4u9CeOAu_9XMunRosOs_ezoQwmOuWUQaVsBAQdUQweb30NN6YWtjzI-f0WMV2o7Eb-xnKuU6qlty1Oe2R6uTx91Uw_p1f2rWBFXgdtZ_CLSwaNPCwelogg0Ucir0BZbYdg0Uhja7ag0uwPmoxJLjtFEuReysS81RLoft3a-FI-_wHpsFZL:1myW3h:3LTtF7DQaLXGDus1BLm9tley8RHN8BGvIqZfFfuAFNs", "expire_date": "2022-01-01T09:31:17.699Z"}}, {"model": "sessions.session", "pk": "1a9u75mgyajsheppjo2q0mwjvkzybfyy", "fields": {"session_data": "eyJjYXJ0Ijp7IjUiOjF9fQ:1mugVb:mg9HM5BJalSl1oid1EQCYKOakZ_P2shriwyYKyKITyY", "expire_date": "2021-12-21T19:52:15.876Z"}}, {"model": "sessions.session", "pk": "5beu1487leg53mtx2ovo82u5xryldqm7", "fields": {"session_data": ".eJxVjEEOgyAURO_y18YAgojL7nsG8oFPpW20AU3aGO9eTVy0yaxm3rwVLC7zYJdC2aYAPXCofjuH_kHjMYQ7jrep9tM45-TqA6nPtdTXKdDzcrJ_ggHLsL8VNzq2XqJkXdQmOjQMtSPSwgjVqD0mNkhB66CM8Fx3DUnp29AKYoYd0kKlpGm09H6l_IGeVeAxz9CvoKDn2_YFQCVCzg:1muUDh:KQhiFoRsrAIzyfugObET96oiyPafszgXZD2bgAjtI0Q", "expire_date": "2021-12-21T06:44:57.544Z"}}, {"model": "sessions.session", "pk": "92hdo4c4s8s89gkm5hxmuy3cm8gxnk8g", "fields": {"session_data": ".eJxVjEEOwiAURO_C2hBKofR36d4zkA98LGqgKW2iMd7dNulCk1nNvHlvZnFdRrtWmm0KbGANO_12Dv2d8j6EG-Zr4b7kZU6O7wg_1sovJdDjfLB_ghHruL11AyZ2XqESfTQQHYJA44iMBKlbvQViixSMCRqkb0zfklK-C50kAWKXVqo1lWzpOaX5xQbx-QJ2ED6e:1mxzZ5:ADbJx0diByPBbbTlUm09IrNog43dopVk5gKCuJNh6hU", "expire_date": "2021-12-30T22:49:31.955Z"}}, {"model": "sessions.session", "pk": "ajfhsphftvhqr9nmxw5kjmznj4jyf8gy", "fields": {"session_data": ".eJxVjEEOwiAURO_C2hBKofR36d4zkA98LGqgKW2iMd7dNulCk1nNvHlvZnFdRrtWmm0KbGANO_12Dv2d8j6EG-Zr4b7kZU6O7wg_1sovJdDjfLB_ghHruL11AyZ2XqESfTQQHYJA44iMBKlbvQViixSMCRqkb0zfklK-C50kAWKXVqo1lWzpOaX5xQbx-QJ2ED6e:1mvJEI:HEzOue_1MBlT5jOwVOvULUvJI_2pYUb7j9EqXVRfD1M", "expire_date": "2021-12-23T13:12:58.339Z"}}, {"model": "sessions.session", "pk": "c4viy0a0b343arjudoomo6rm3phrd7nf", "fields": {"session_data": ".eJxVjsFuwyAQRH8F7RlZYEhwfOy9px7jCC2wxE5cOzJGahTl34slH9rrmzez-wKLee1tTrTYIUALEvhf5tDfadqCcMPpOld-ntZlcNWmVHuaqs850Pixu_8Gekx9aUcVkdCEozsJrZuoZKPIq9rUTkunDVIB2kQhDTbovRKkTv6o5CE6qqXeRhOlNMyTpZ_HsDyhFRw8Liu0L5ACWvkuzndx8EqpnDyfO7D2lkpjpx1wJjirD5x18JW9LzjmcXyy8j2tFJhij2UO2a-p6uBygfcvkvtesQ:1mt8IK:RIX7ky4iDGbX_01Nk9Z3r7wB1y6EOPobViN3b7bcf0w", "expire_date": "2021-12-17T13:08:08.169Z"}}, {"model": "sessions.session", "pk": "flnl6gwhfmvzwuxsj0rbqsf1wc99x55b", "fields": {"session_data": ".eJxVjDsOwyAQBe-ytYXMJ8ahTJ8zoAWW2EkEEuA0lu8eW3KRtDPz3goWlzbZpVKxcwADHLpf5tC_KB0iPDE9MvM5tTI7diTstJXdc6D37Wz_Dias076OMiKhDoO79kqNUfJRkpdCC6e4UxppB0rHnmsc0XvZk7z6QfJLdCS42k8rfsjOKWYwrSzUgcfSwKwgwPBt-wKPvEIU:1mrmpd:cTMn04SMlHvPmtu5Sqa5xRL4xmdud3H1upduLW5S_Kc", "expire_date": "2021-12-13T20:00:57.718Z"}}, {"model": "sessions.session", "pk": "g7l96du2tow05e0opoaefwm2l61bojwp", "fields": {"session_data": "e30:1ms9cm:w8zvfwGW3Tf_nkNIsRvgHarxP8WTe7QFcVTaxUNyofo", "expire_date": "2021-12-14T20:21:12.110Z"}}, {"model": "sessions.session", "pk": "jkrsx8tab7te9lw4hzmts255vcwn2c91", "fields": {"session_data": "eyJzYXZlX2luZm8iOmZhbHNlLCJjYXJ0Ijp7IjgiOjIwfX0:1mzPxt:5k5sTtSA2BSTQQkChcmwjhCVrfRW24TMbHBaKMcsNdg", "expire_date": "2022-01-03T21:13:01.070Z"}}, {"model": "sessions.session", "pk": "lb0ju35d76o7eh3etl139n3g2tz4yxjg", "fields": {"session_data": "eyJjYXJ0Ijp7IjIiOjIsIjciOjQsIjYiOjV9fQ:1mpui2:6-J_dFJojrZUFNcu1laqUjXb2-1l3wbPePzm_F6TsNY", "expire_date": "2021-12-08T16:01:22.936Z"}}, {"model": "sessions.session", "pk": "nw1wces9dfml8c14capw2mdlvbbmsztm", "fields": {"session_data": ".eJxVjEEOgyAURO_y140BBRGW3fcM5AOfSttgA5q0Md69mrhpMquZN28Fj2UGs8IAhm8XsLjMo10qFZsCGODw1zn0T8rHEB6Y71PjpzyX5JoDac61Nrcp0Ot6sn-CEeu4vyXXKvZeoGBDVDo61AyVI1KtbmUn9-jYIQWlgtSt52roSAjfh74lptkhrVRrmrKlzzuVLxi2_QC-w0LR:1mxbnQ:O9rG_eV76XAWhGVdb3AV3L-aeE-q1gNQB2mg39U8yo0", "expire_date": "2021-12-29T21:26:44.228Z"}}, {"model": "sessions.session", "pk": "p9fqx9m78ntfcsx9bdbpoccpfn8hqycl", "fields": {"session_data": "eyJjYXJ0Ijp7IjIiOjF9fQ:1mrKzZ:VShoi2ttsPOsT-1rMv1G3Wua7fdRzOv3B-_JIuvDmEU", "expire_date": "2021-12-12T14:17:21.230Z"}}, {"model": "sessions.session", "pk": "r2uwgxe83zvc0rz3uvdobpqghg7qd0hc", "fields": {"session_data": ".eJxVjEEOwiAQRe_C2hBgsFCX7j0DmYFBqgaS0q6Md7dNutDte-__twi4LiWsnecwJXERWpx-GWF8ct1FemC9NxlbXeaJ5J7Iw3Z5a4lf16P9OyjYy7bOkJHRpYFGZa3PoD1wBOMMWU3WIW_Auqy0Q48xgmIY4wD6nImNtuLzBenyN8M:1mkSWI:ZEvZeqepMddvwpO110NV0s2F2nKdxJAC99wfKZLeojU", "expire_date": "2021-11-23T14:54:42.223Z"}}, {"model": "sessions.session", "pk": "rivjzikvm73nxbvksz8z5dt8luj7nm7s", "fields": {"session_data": ".eJxVTjkOgzAQ_MvWyMJeg8Fl-rwBrdfrQBKBxFEh_h4TUSTNjDSXZoeOtrXvtkXmbojgQUPxqwXil4ynEZ80PibF07jOQ1BnRF3uou5TlPftyv4N9LT0uZ0wkZCLdWhLa5uEukFhNM4Eq4N1JFmwLpXaUUPMWAq2XKOuUhCjbR5lmlfwe37oTQH4xQq8LsBkdJlt5uP4AJFpQJM:1mpuWK:pYCTk6lPVlE2ULBeB6ZAp7WL4ut6NBwPUDQeHq0t64c", "expire_date": "2021-12-08T15:49:16.921Z"}}, {"model": "sessions.session", "pk": "v3py3ut2jzwv3embqxx49exb5nyfs3d1", "fields": {"session_data": "eyJzYXZlX2luZm8iOmZhbHNlfQ:1mz5ox:HIYwwamdmyZf6gHfEWOlSp6AkQsYJobNceFfvXoBt0k", "expire_date": "2022-01-02T23:42:27.532Z"}}, {"model": "sessions.session", "pk": "va5n5nrvv4abcxem6or7tktfgznnf254", "fields": {"session_data": ".eJxVjEEOwiAQRe8ya0Ogg4V26d4zkAEGWzWQQOvGeHfbpJtu33v_f6HRh92cU4FxqStfwNG6TG5tXN0cYQQFJ-YpvDjvIj4pP4oIJS919mJPxGGbuJfI79vRng4matO2TpiIycTeD1Jrm1BZ5ICd6bxWXhviDWiTpDJkKQSUjEPoUV2T505p-P0BPhM95w:1msYDe:sQhaxjL5p1VCXpW435bEp84sFbHHh3K-iCm8XEzLBK0", "expire_date": "2021-12-15T22:36:54.705Z"}}, {"model": "sessions.session", "pk": "wbep0bx77fx1zh7w3tjogdh1k3f8m8et", "fields": {"session_data": ".eJxVjEEOwiAURO_CuiGUQilduvcM5AMfixpooDUa491tky40mdXMm_cmBtZlMmvFYqInI2lJ89tZcDdM--CvkC6ZupyWEi3dEXqslZ6zx_vpYP8EE9Rpe8tWq9A7AYINQelgQTNQFlFxzWUnt-jQAXqlvNTctWroUAjX-54j02yXVqw15mTwOcfyIiNrSIUHmphCJuNSVvx8AdEbRMI:1mxbhj:1Q6kwj5MrZCtTQWdQoPG0liDnd-C1JVDjPLiMxvfKTo", "expire_date": "2021-12-29T21:20:51.052Z"}}, {"model": "sessions.session", "pk": "wf4uir8ac9q2yd3mvnyno347tcp3mq5g", "fields": {"session_data": ".eJxVjMEOwiAQBf-Fc0Ogi6Xt0bvfQBZYLGrAQJtoGv_dNulBrzPz3soMLvNklkrFRM9GJlnzyyy6O6Vd-Buma-Yup7lEy_eEH7byS_b0OB_t38GEddrWAQISat_ZQSjVB5A9kINWt1ZJqzTSBpQOQmrs0TkQBIPrQJ6CpVaq_bRSrTEnQ69nLG82ioY5LDMb18_nCxRdQkw:1mtaOP:1pHwqleKxijvNHbQvZNS6e9hdOh3bu6Tl1M0P4b3wio", "expire_date": "2021-12-18T19:08:17.264Z"}}, {"model": "sessions.session", "pk": "y10bkudck0xpru9eslt48y3k2rtblyg5", "fields": {"session_data": "e30:1mzR5z:ItOX2LxSBNhY-Zj5VoKDDq9KKxNoCzraiLHAHjqhDoc", "expire_date": "2022-01-03T22:25:27.112Z"}}, {"model": "sites.site", "pk": 1, "fields": {"domain": "babushkabakes.example.com", "name": "Babushka Bakes"}}, {"model": "account.emailaddress", "pk": 1, "fields": {"user": 1, "email": "tanja.godinic@gmail.com", "verified": true, "primary": true}}, {"model": "account.emailaddress", "pk": 2, "fields": {"user": 2, "email": "petra@babushka-bakes.com", "verified": true, "primary": true}}, {"model": "account.emailaddress", "pk": 3, "fields": {"user": 3, "email": "info@babushka-bakes.com", "verified": false, "primary": true}}, {"model": "account.emailaddress", "pk": 4, "fields": {"user": 4, "email": "test@test.com", "verified": false, "primary": true}}, {"model": "account.emailaddress", "pk": 5, "fields": {"user": 5, "email": "testing@tt.com", "verified": false, "primary": true}}, {"model": "account.emailaddress", "pk": 6, "fields": {"user": 6, "email": "mmmm@gmali.com", "verified": false, "primary": true}}, {"model": "account.emailaddress", "pk": 7, "fields": {"user": 7, "email": "testy@tt.com", "verified": true, "primary": true}}, {"model": "account.emailaddress", "pk": 8, "fields": {"user": 8, "email": "guest@guest.com", "verified": true, "primary": true}}, {"model": "account.emailaddress", "pk": 10, "fields": {"user": 11, "email": "tanja.1809@gmail.com", "verified": true, "primary": true}}, {"model": "products.category", "pk": 1, "fields": {"name": "Cakes", "friendly_name": "Cakes"}}, {"model": "products.category", "pk": 2, "fields": {"name": "Bread", "friendly_name": "Bread"}}, {"model": "products.product", "pk": 1, "fields": {"category": 1, "sku": "ckamesm21121", "name": "Simone", "description": "An ideal choice for every chocolate lover. Simone delights with the aroma of toasted hazelnuts and organic cocoa. This  cake is characterized by an elegant taste of cocoa cream sweetened with agave syrup and a base sweetened with dates, without added sugar.  Chopped hazelnuts give it an indispensable finishing touch.\r\n\r\n\r\n\r\n\r\n\r\nINGREDIENTS: Cashews, hazelnuts, agave syrup, water, coconut oil, cocoa, dates, maple syrup.", "price": "70.00", "rating": "4.80", "image": "choch.png"}}, {"model": "products.product", "pk": 2, "fields": {"category": 1, "sku": "ckappsm21122", "name": "Aurelie", "description": "Aurelie is a healthy version of the world classic - the already well-known carrot cake. Organic almond and spelt flour with carrots from Irish family farms, together form a soft and juicy biscuit. The whole story is perfectly complemented by a refreshing cream of cream cheese, orange and erythritol - a calorie-free sugar. For true enjoyment without guilt.\r\n\r\nINGREDIENTS: Almond milk, almond flour, spelt flour, eggs, brown sugar, carrots, butter, cinnamon, ginger, nutmeg, cream cheese, erythritol, orange.", "price": "90.00", "rating": "5.00", "image": "carrot-cake.png"}}, {"model": "products.product", "pk": 3, "fields": {"category": 1, "sku": "ckmdmsm21123", "name": "Rosalie", "description": "Step into the berry paradise with our vegan beauty - Rosalie. Allow yourself to be overwhelmed by the freshness and light acidity of the forest fruits in combination with the sweet base of organically grown cashews and almonds. Topped with berry glaze to give the final decedent note to the cake.\r\n\r\nINGREDIENTS: Cashews, almonds, coconut, dates, cinnamon, agave syrup, lemon, forest fruits (raspberry, blueberry, blackberry, red currant, black currant).", "price": "65.00", "rating": "4.70", "image": "rosa.png"}}, {"model": "products.product", "pk": 4, "fields": {"category": 1, "sku": "ckntlsm21124", "name": "Nicolette", "description": "An exotic combination of flavors that leaves no one indifferent. Our Nicolette has a perfect ratio of sweet and spicy. The pleasure ranges from the very base of organic cashews, almonds and coconuts sweetened with dates, to a smooth cream of vanilla and lime sweetened with maple syrup. The addition of cinnamon gives it an extra touch of class. \r\n\r\nINGREDIENTS: almonds, cashews, dates, cinnamon, coconut, maple syrup, lime.", "price": "75.00", "rating": "4.80", "image": "cheese.png"}}, {"model": "products.product", "pk": 5, "fields": {"category": 2, "sku": "brdsdsm21111", "name": "Sourdough Bread", "description": "In a nutshell, sourdough is slow-fermented bread.\r\nIt’s unique because it does not require commercial yeast in order to rise.\r\nInstead, it’s made with a live fermented culture, a sourdough starter, which acts as a natural leavening agent. Sourdough is known for its characteristic tangy flavor, chewy texture and crisp, crackly crust.\r\n\r\nFrom a health standpoint, it dominates when compared to supermarket loaves. The naturally occurring acids and long fermentation help to break down the gluten, making it more digestible and easy for the body to absorb. \r\n\r\nAnd it tastes darn good!", "price": "10.00", "rating": "5.00", "image": "sour-dough.png"}}, {"model": "products.product", "pk": 6, "fields": {"category": 2, "sku": "brdryesm21112", "name": "Overnight Rye Bread", "description": "Our overnight rye bread is an easier version of a northern European classic, made with whole grain spelt and rye flour, and oats. This dense bread is not at all dry and makes a nice alternative to light loaves, with a stronger flavour and slightly chewy texture.", "price": "10.00", "rating": "4.80", "image": "rye.png"}}, {"model": "products.product", "pk": 7, "fields": {"category": 2, "sku": "brdfccasm21123", "name": "Foccacia", "description": "Our Foccacia is perfectly soft and fluffy and satisfyingly chewy. It’s sprinkled with lots of fresh rosemary and crunchy flaky sea salt. When drizzled with extra olive oil just before serving, it soaks perfectly into all of those little classic holes in the bread. \r\n\r\nIt also happens to be naturally vegan.\r\n\r\nAnd best of all, it is just the ultimate cozy carbohydrate comfort food. \r\n\r\nI know you’re going to love it.", "price": "9.50", "rating": "4.70", "image": "foccaia-bread.png"}}, {"model": "products.product", "pk": 8, "fields": {"category": 2, "sku": "brdcrnsm21124", "name": "Brioche Bread", "description": "This originally French bread made with butter and eggs, is extremely light in texture and has a subtle sweetness in its flavor. Brioche crust is soft, with a golden-yellow shade. This gorgeous golden color can be attributed to the egg that is brushed on top of the dough before the bread is placed in an oven to bake. Brioche bread is a perfect bread choice, especially when making delicious treats like French toast.\r\n \r\nIf you’ve never tasted this type of bread before, there is no better time than right now to grab a loaf of soft, slightly sweet brioche.", "price": "9.50", "rating": "5.00", "image": "brioche.png"}}, {"model": "contact.contact", "pk": 1, "fields": {"name": "Name", "email": "tanja.1809@gmail.com", "subject": "test", "message": "testing"}}, {"model": "contact.contact", "pk": 2, "fields": {"name": "Name", "email": "tanja.godinic@gmail.com", "subject": "erewrer", "message": "fdfdfdf"}}, {"model": "contact.contact", "pk": 3, "fields": {"name": "Name", "email": "tanja.fgfdhdfhfg@gmail.com", "subject": "fgdfgdghfd", "message": "zdfgzdfgzdfgdzfgzdfgdfgzdfgzdfgzdfg"}}, {"model": "contact.contact", "pk": 4, "fields": {"name": "Name", "email": "tanja.1234@gmail.com", "subject": "boooooooooooooooo", "message": "vvvvvvvvvvvvvvvvvvvvvvvvvvvvvvvvv"}}, {"model": "contact.contact", "pk": 5, "fields": {"name": "Name", "email": "tanja.godinic@gmail.com", "subject": "test", "message": "ssssssssssssssssssssssssss"}}, {"model": "contact.contact", "pk": 6, "fields": {"name": "Name", "email": "tanja.godinic@gmail.com", "subject": "aaaaaaaaaaaaaaaaaaaaa", "message": "aaaaaaaaaaaaaaaaaaaaaa"}}, {"model": "contact.contact", "pk": 7, "fields": {"name": "Name", "email": "tanja.godinic@gmail.com", "subject": "erewrer", "message": "aaaaaaaaaaaaaaaaaaaaaa"}}, {"model": "contact.contact", "pk": 8, "fields": {"name": "Name", "email": "tanja.godinic@gmail.com", "subject": "test today", "message": "fdfffffffffffffffffffffffffffffffffffffffffffffffffffffffffffffffffffffffffffffffffffffffffffffffffffff"}}, {"model": "contact.contact", "pk": 9, "fields": {"name": "Name", "email": "tanja.1809@gmail.com", "subject": "test", "message": "test"}}, {"model": "contact.contact", "pk": 10, "fields": {"name": "Name", "email": "tanja.godinic@gmail.com", "subject": "boooooooooooooooo", "message": "dfddsfsdf"}}, {"model": "contact.contact", "pk": 11, "fields": {"name": "Name", "email": "tanja.godinic@gmail.com", "subject": "testtttttttttttttttttttttttttttttt", "message": "vcccccdfksdlkfnsdofknslfknsdkfnsl"}}, {"model": "contact.contact", "pk": 12, "fields": {"name": "Name", "email": "tanja.1809@gmail.com", "subject": "test", "message": "sdasdadsadsdasd"}}, {"model": "contact.contact", "pk": 13, "fields": {"name": "Name", "email": "test@gmail.com", "subject": "test today", "message": "r;lkd;lskdlaskd;akslakd;laskd;laskd;slakd"}}, {"model": "contact.contact", "pk": 14, "fields": {"name": "Name", "email": "tttttt@gmail.com", "subject": "erewrer", "message": "qqqqqqqqqqqqqqqqqqqqqqqqqqqqqqqqqqqqqqqqqqqqqqqqqqqqqqqqqqqqqqqq"}}, {"model": "contact.contact", "pk": 15, "fields": {"name": "Name", "email": "kkkk@gmail.com", "subject": "resttttt", "message": "id like to order a wedding cake"}}, {"model": "contact.contact", "pk": 16, "fields": {"name": "Name", "email": "tss@gmail.com", "subject": "hey id like a cake", "message": "wedding"}}, {"model": "contact.contact", "pk": 17, "fields": {"name": "Name", "email": "erererer@gfgf.com", "subject": "sfferttwetr", "message": "dgrtrterter"}}, {"model": "contact.contact", "pk": 18, "fields": {"name": "Name", "email": "tanja.godinic@gmail.com", "subject": "fgdfgdghfd", "message": "pppppppppppppppppppppppppppppppppppppppppppppppp"}}, {"model": "contact.contact", "pk": 19, "fields": {"name": "Name", "email": "biba@gmail.com", "subject": "cake", "message": "i wasnt cake"}}, {"model": "contact.contact", "pk": 20, "fields": {"name": "Name", "email": "tanja.1809@gmail.com", "subject": "cake", "message": "i wasnt cake"}}, {"model": "contact.contact", "pk": 21, "fields": {"name": "Name", "email": "ggg@gmail.com", "subject": "test", "message": "jos jedan test"}}, {"model": "contact.contact", "pk": 22, "fields": {"name": "Name", "email": "ggg@gmail.com", "subject": "test", "message": "jos jedan test"}}, {"model": "contact.contact", "pk": 23, "fields": {"name": "Name", "email": "test@gmail.com", "subject": "lskdjkljflsdj", "message": "please work!!!!"}}, {"model": "contact.contact", "pk": 24, "fields": {"name": "Name", "email": "b@gmail.com", "subject": "test today", "message": "qqqqqqqqqqqqqqqqqqqqqqqqqqq"}}, {"model": "contact.contact", "pk": 25, "fields": {"name": "Name", "email": "bla@gmail.com", "subject": "another test", "message": "more testing"}}, {"model": "contact.contact", "pk": 26, "fields": {"name": "Name", "email": "aaaa@gmaoil.com", "subject": "test", "message": "this is my message to you uuu"}}, {"model": "contact.contact", "pk": 27, "fields": {"name": "Name", "email": "petra@babushka-bakes.com", "subject": "testing html", "message": "lets hope it works"}}, {"model": "contact.contact", "pk": 28, "fields": {"name": "Name", "email": "test@gmail.com", "subject": "this is a test", "message": "ndustry. Lorem Ipsum has been the industry's standard dummy text ever since the 1500s, when an unknown printer took a galley of type and scrambled it to make a type specimen book. It has survived not only five centuries, but also the leap into electronic typesetting, remaining essentially unchanged. It was popularised in the 1960s with the release of Letraset sheets containing Lorem Ipsum passages, and more recently with desktop publishing software like Aldus PageMaker including versions of Lorem Ipsu"}}, {"model": "contact.contact", "pk": 29, "fields": {"name": "Nathalie", "email": "nathalie@gmail.com", "subject": "Wedding Cake", "message": "ndustry. Lorem Ipsum has been the industry's standard dummy text ever since the 1500s, when an unknown printer took a galley of type and scrambled it to make a type specimen book. It has survived not only five centuries, but also the leap into electronic typesetting, remaining essentially unchanged. It was popularised in the 1960s with the release of Letraset sheets containing Lorem Ipsum passages, and more recently with desktop publishing software like Aldus PageMaker including versions of Lorem Ipsu"}}, {"model": "contact.contact", "pk": 30, "fields": {"name": "Iva Malam", "email": "iva@gmail.com", "subject": "Bread", "message": "f;slfks;dlfks;dlfks;dlkf;sdlkf[ewro[qwropawodjlfkawjepihwekgn'WEFIJ"}}, {"model": "contact.contact", "pk": 31, "fields": {"name": "toto totototot", "email": "ja@gmail.com", "subject": "birhday cake", "message": "Lorem Ipsum has been the industry's standard dummy text ever since the 1500s, when an unknown printer took a galley of type and scrambled it to make a type specimen book. It has survived not only five centuries, but also the leap into electronic typesetting, remaining essentially unchanged. It was popularised in the 1960s with the release of Letraset sheets containing Lorem Ipsum passages, and more recently with desktop publishing software like Aldus PageMaker including versions of Lorem Ipsu"}}, {"model": "contact.contact", "pk": 32, "fields": {"name": "Tanja Godinic", "email": "tanja.godinic@gmail.com", "subject": "test today", "message": "Lorem Ipsum has been the industry's standard dummy text ever since the 1500s, when an unknown printer took a galley of type and scrambled it to make a type specimen book. It has survived not only five centuries, but also the leap into electronic typesetting, remaining essentially unchanged. It was popularised in the 1960s with the release of Letraset sheets containing Lorem Ipsum passages, and more recently with desktop publishing software like Aldus PageMaker including versions of Lorem Ipsu"}}, {"model": "contact.contact", "pk": 33, "fields": {"name": "mia kokic", "email": "mia@gmmail.com", "subject": "bread order", "message": "ndustry. Lorem Ipsum has been the industry's standard dummy text ever since the 1500s, when an unknown printer took a galley of type and scrambled it to make a type specimen book. It has survived not only five centuries, but also the leap into electronic typesetting, remaining essentially unchanged. It was popularised in the 1960s with the release of Letraset sheets containing Lorem Ipsum passages, and more recently with desktop publishing software like Aldus PageMaker including versions of Lorem Ipsu"}}, {"model": "contact.contact", "pk": 34, "fields": {"name": "Ivana Molnar", "email": "ivana@gmail.com", "subject": "Bread order", "message": "It has survived not only five centuries, but also the leap into electronic typesetting, remaining essentially unchanged. It was popularised in the 1960s with the release of Letraset sheets containing Lorem Ipsum passages, and more recently with desktop publishing software like Aldus PageMaker including versions of Lorem Ipsu"}}, {"model": "contact.contact", "pk": 35, "fields": {"name": "Ana Toic", "email": "ana@test.hr", "subject": "Baby Shower", "message": "Hi I am looking to get some cakes and cupcakes for my upcoming baby shower. what can you offet me and what are the rpices please? do you have a list of flavors or can i choose my own? I need this for 1st of februart and it is for approx 25 people. \r\n\r\nthank you"}}, {"model": "contact.contact", "pk": 36, "fields": {"name": "toto totototot", "email": "test@gmail.com", "subject": "fgdfgdghfd", "message": "dfgsfgsdfgsd"}}, {"model": "blog.post", "pk": 2, "fields": {"title": "The Old-Fashioned Sour Cream Doughnuts", "subtitle": "They’re kind of crunchy and cracked on the outside, making those nooks just purrrrrfect for soaking up the thick, shiny, crackled glaze.", "author": 1, "body": "These Old-Fashioned Sour Cream Doughnuts are just like the old-fashioned cake doughnuts from the bakery. They’re kind of crunchy and cracked on the outside, making those nooks just purrrrrfect for soaking up the thick, shiny, crackled glaze. We completely dunk the doughnuts in that glaze in the recipe, and it’s amazing. The inside is soft and cakey with a more firm bite than yeast doughnuts. Plus you can’t beat sour cream, it’s good with just about everything.\r\n\r\nI don’t always prefer old-fashioned cake doughnuts to yeast doughnuts, but when I do this is absolutely the recipe I use. You can’t beat how much less time these take than yeast doughnuts, too.\r\n\r\nINGREDIENTS\r\n\r\n * For the donuts:\r\n\r\n2 1/4 cup (255 grams) cake flour\r\n1 1/2 teaspoons baking powder\r\n1 teaspoon salt\r\n1/2 teaspoon ground nutmeg\r\n1/2 cup (100 grams) sugar\r\n2 tablespoons (29 grams) butter, at COOL room temperature\r\n2 large egg yolks\r\n1/2 cup (113 grams) sour cream\r\nCanola oil, for frying\r\n\r\n* For the glaze:\r\n\r\n3 1/2 cup (350 grams) powdered sugar, sifted\r\n1 1/2 teaspoons corn syrup\r\n1/4 teaspoon salt\r\n1/2 teaspoon vanilla extract\r\n1/3 cup hot water\r\n\r\nDIRECTIONS\r\n\r\n * For the donuts:\r\n\r\nIn a bowl, sift together the cake flour, baking powder, salt, and nutmeg.\r\n\r\nIn the bowl of a stand mixer fitted with a paddle attachment, beat the butter and sugar together until sandy. Add the egg yolks and mix until light and thick. Add the dry ingredients to the mixing bowl in 3 additions, alternating with the sour cream, ending with the flour.\r\n\r\nMix for 30 seconds on low speed or until the dough is smooth but slightly sticky. You want to mix enough that the dough doesn't fall apart in the oil, but not so much that it becomes tough. If the dough is unbearably sticky, add extra flour one tablespoon at a time (especially if you live in a warm & humid climate).\r\n\r\nCover with plastic wrap and chill for 1 hour, or until firm.\r\n\r\nOn a floured surface, roll out the dough to about 1/2 inch thickness. Use a doughnut cutter or two differently sized biscuit cutters to cut out as many donuts as possible, dipping the cutters into flour as necessary to prevent sticking. You should get about 12 doughnuts and holes. If the dough gets too loose, sticky, or greasy at any point return to the fridge to firm before continuing. Refrigerate while you heat the oil so the dough is slightly cold when it fries.\r\n\r\n\r\nPour 2 inches of canola oil into a heavy bottomed pot with a deep-fry thermometer attached. Heat to 325°F. Fry the doughnuts a few at a time, being careful not to overcrowd the pot. Fry on each side about 2 minutes, being careful not to let them burn. Keep an eye on the thermometer and adjust your stove heat to maintain the correct oil temperature. Let drain on a paper bag to soak up the excess grease.\r\n\r\n* For the glaze:\r\n\r\nMix all ingredients in a bowl with a whisk until smooth. Immerse each doughnut into the glaze. Place on a wire rack above a sheet pan to catch any excess glaze. Let sit for 20 minutes until glaze is set. Doughnuts are best served the day they are made but may be store in an air tight container at room temperature for a few days.", "image": "blog-donuts.png"}}, {"model": "blog.post", "pk": 6, "fields": {"title": "Make the Best Sourdough Bread", "subtitle": "Sourdough bread is something you learn by doing.  You’re not going to make a great loaf by reading a recipe or hunkering down with a cookbook", "author": 1, "body": "Sourdough bread is something you learn by doing. You’re not going to make a great loaf by reading a recipe or hunkering down with a cookbook; you’re going to have to get your hands in the dough, and you might have to try it a few times. Even after making sourdoughs for years, I still get bloopers, like the first loaf I made from Tartine No. 3. Stay with the process, learn to work with the ingredients, and enjoy the adventure.\r\n\r\nWHAT MAKES SOURDOUGH BREAD SOUR\r\n\r\nSourdough bread is made entirely using wild yeast — with a strong, active sourdough culture of wild yeast, you won’t need any commercial yeast at all. Wild yeast need a little more coaxing and works a little more slowly than commercial yeast, so sourdough breads are normally  mixed, shaped, and baked over the course of a day, or even multiple days. Besides giving the wild yeast time to do its job, this long, slow development time helps tease out more complex, nuanced flavors in the finished bread — far beyond those of your average loaf of sandwich bread.\r\n\r\nWhile the wild yeast is certainly the star of this show, it’s not actually what makes the bread sour. That distinctive sour flavor comes from two kinds of friendly bacteria — Lactobacillus and acetobacillus — which grow alongside the wild yeast in the sourdough culture and  help ferment the sugars in the dough.\r\n\r\nAlso, note that sourdough breads don’t always necessarily taste sour. Depending on how you develop your starter and make your bread,  the sour flavor can be quite pronounced or it can be more subtle. The recipe here strikes a balance — it’s a touch sour, but it’s balanced by a nice range of sweet, earthy, and yeasty flavors.\r\n\r\nTHE SOURDOUGH STARTER\r\n\r\nBefore you can make a loaf of sourdough bread, you need to make a sourdough starter. This is a culture of flour and water for growing wild yeast and developing those bacterias. Having a “ripe,” or fully developed, starter ensures a good rise and good flavor development in your sourdough bread.\r\n\r\nYou can make your own starter in about five days. On the first day, you mix flour and water into a batter, and let them sit at room temperature  overnight. Wild yeast are everywhere — on the flour, in the air, on your hands — and they will quickly start to thrive in this culture. Over the next few days, you’ll need to feed the yeast and bacteria by pouring off some of the culture and adding fresh flour and water. You’ll know it’s ready to use to make bread when the culture becomes very bubbly within just a few hours of feeding, and when it smells sour but fresh.", "image": "breads.jpg"}}, {"model": "blog.post", "pk": 25, "fields": {"title": "Marshmallow Buttercream Frosting", "subtitle": "Perfect for cakes, cupcakes, layer cakes—or sometimes sneaking a spoonful.", "author": 1, "body": "This extraordinarily silky version of buttercream gets its texture and soft sweetness from marshmallow creme and is one of my favorite scratch frostings. Perfect for cakes, cupcakes, layer cakes—or sometimes sneaking a spoonful. \r\n\r\nI'm pretty sure once you try it, you’ll feel the same way\r\n\r\nIngredients\r\n1 jar (7-oz) Kraft Jet Puffed marshmallow creme (1 1/2 cups)\r\n1 cup butter, softened\r\n1/2 teaspoon vanilla\r\n1 to 2 tablespoons milk\r\n2 1/4 cups powdered sugar\r\n\r\nSteps\r\nStep One\r\nIn large bowl, beat marshmallow creme, softened butter, vanilla and 1 tablespoon milk with electric mixer on medium speed until blended. Beat in powdered sugar until fluffy. If necessary, beat in more milk, a few drops at a time, until thin enough to spread.\r\nStep Two\r\nFills and frosts 1 (8-inch) two-layer cake.\r\n\r\nTips\r\n\r\nScrape off your icing spatula often enough while frosting the cake to keep from introducing crumbs to your masterpiece!\r\n\r\nTo keep your serving plate clean while frosting the cake, place strips of waxed paper around edge of plate. Remove after frosting is complete.\r\n\r\nLet me know what you think!", "image": "icing.png"}}, {"model": "checkout.order", "pk": 1, "fields": {"order_number": "C447C582E78647859854D2FB53ECA28D", "user_profile": null, "full_name": "Tanja Godinic", "email": "tanja.godinic@gmail.com", "phone_number": "0916201381", "country": "HR", "postcode": "43000", "town_or_city": "Bjelovar", "street_address1": "Dure Sudete 11", "street_address2": "lkdsjfdkljf", "county": "xldfkjldkj", "date": "2021-12-11T17:32:42.971Z", "delivery_cost": "5.00", "order_total": "50.00", "grand_total": "55.00", "original_cart": "{\"2\": 1}", "stripe_pid": "pi_3K5ZQpBVg7pwZhfc2PWdZt1Z"}}, {"model": "checkout.order", "pk": 2, "fields": {"order_number": "CEBD92ECD8FF4344AD5AC78FFB8F2A64", "user_profile": 25, "full_name": "Tanja Godinic", "email": "tanja.godinic@gmail.com", "phone_number": "+385916201381", "country": "HR", "postcode": "43000", "town_or_city": "Bjelovar", "street_address1": "Dure Sudete 11", "street_address2": "lkdsjfdkljf", "county": "xldfkjldkj", "date": "2021-12-15T21:20:50.435Z", "delivery_cost": "0.00", "order_total": "180.00", "grand_total": "180.00", "original_cart": "{\"2\": 2}", "stripe_pid": "pi_3K74s6BVg7pwZhfc1x6mZwCl"}}, {"model": "checkout.order", "pk": 3, "fields": {"order_number": "00720645DBBE4B55BE1FC5D2C700B4AC", "user_profile": 25, "full_name": "Tanja Godinic", "email": "tanja.godinic@gmail.com", "phone_number": "+385916201381", "country": "HR", "postcode": "43000", "town_or_city": "Bjelovar", "street_address1": "Dure Sudete 11", "street_address2": "lkdsjfdkljf", "county": null, "date": "2021-12-16T18:59:49.763Z", "delivery_cost": "9.00", "order_total": "90.00", "grand_total": "99.00", "original_cart": "{\"2\": 1}", "stripe_pid": "pi_3K7PAuBVg7pwZhfc1DO6jYSl"}}, {"model": "checkout.order", "pk": 4, "fields": {"order_number": "C1D423B3776B4722BF0ABB0E1B15D516", "user_profile": 35, "full_name": "toto totototot", "email": "tanja.1809@gmail.com", "phone_number": "+385916201381", "country": "HR", "postcode": "43000", "town_or_city": "Bjelovar", "street_address1": "Dure Sudete 11", "street_address2": "lkdsjfdkljf", "county": "xldfkjldkj", "date": "2021-12-17T18:55:14.877Z", "delivery_cost": "8.45", "order_total": "84.50", "grand_total": "92.95", "original_cart": "{\"4\": 1, \"7\": 1}", "stripe_pid": "pi_3K7lZkBVg7pwZhfc0xeKImL1"}}, {"model": "checkout.order", "pk": 5, "fields": {"order_number": "77071C46265A40DFBD61094A2B4408E4", "user_profile": 25, "full_name": "Tanja Godinic", "email": "tanja.godinic@gmail.com", "phone_number": "+385916201381", "country": "HR", "postcode": "43000", "town_or_city": "Bjelovar", "street_address1": "Dure Sudete 11", "street_address2": null, "county": null, "date": "2021-12-17T18:58:13.407Z", "delivery_cost": "0.00", "order_total": "600.00", "grand_total": "600.00", "original_cart": "{\"4\": 8}", "stripe_pid": "pi_3K7lctBVg7pwZhfc2z4rVgN3"}}, {"model": "checkout.order", "pk": 6, "fields": {"order_number": "2A038C2D1A014CDE8F3FB5C997EDCEC4", "user_profile": null, "full_name": "Tanja Godinic", "email": "tanja.godinic@gmail.com", "phone_number": "+385916201381", "country": "HR", "postcode": "43000", "town_or_city": "Bjelovar", "street_address1": "Dure Sudete 11", "street_address2": "lkdsjfdkljf", "county": "xldfkjldkj", "date": "2021-12-19T23:42:26.945Z", "delivery_cost": "6.50", "order_total": "65.00", "grand_total": "71.50", "original_cart": "{\"3\": 1}", "stripe_pid": "pi_3K8Z17BVg7pwZhfc2OjF9tJu"}}, {"model": "checkout.order", "pk": 7, "fields": {"order_number": "D8746F8215464388939F40C083E735D3", "user_profile": null, "full_name": "Ben Dover", "email": "bendover@teleworm.us", "phone_number": "07925229463", "country": "GB", "postcode": "SA18 5WD", "town_or_city": "GARNSWLLT", "street_address1": "77 Guildry Street", "street_address2": null, "county": "GARNSWLLT", "date": "2021-12-20T21:07:13.989Z", "delivery_cost": "0.00", "order_total": "0.00", "grand_total": "0.00", "original_cart": "{\"8\": 8999}", "stripe_pid": "pi_3K8t4MBVg7pwZhfc2fCnEmLJ"}}, {"model": "checkout.order", "pk": 10, "fields": {"order_number": "016BAB6CC7554735906F06B9A143BD0C", "user_profile": null, "full_name": "Ben Dover", "email": "bendover@teleworm.us", "phone_number": "07925229463", "country": "GB", "postcode": "SA18 5WD", "town_or_city": "GARNSWLLT", "street_address1": "77 Guildry Street", "street_address2": null, "county": "GARNSWLLT", "date": "2021-12-20T21:08:14.685Z", "delivery_cost": "0.00", "order_total": "0.00", "grand_total": "0.00", "original_cart": "{\"8\": 8999}", "stripe_pid": "pi_3K8t58BVg7pwZhfc0Fug3eE2"}}, {"model": "checkout.order", "pk": 12, "fields": {"order_number": "989BAF9C4DA746BBB7BC78569B2E7AD7", "user_profile": null, "full_name": "Ben Dover", "email": "bendover@teleworm.us", "phone_number": "07925229463", "country": "GB", "postcode": "SA18 5WD", "town_or_city": "GARNSWLLT", "street_address1": "77 Guildry Street", "street_address2": null, "county": "GARNSWLLT", "date": "2021-12-20T21:10:52.160Z", "delivery_cost": "0.00", "order_total": "0.00", "grand_total": "0.00", "original_cart": "{\"8\": 8999}", "stripe_pid": "pi_3K8t7oBVg7pwZhfc0Ls6XQWJ"}}, {"model": "checkout.order", "pk": 14, "fields": {"order_number": "57E86CFBCF5647E6AA068BBCAE32A038", "user_profile": null, "full_name": "Ben Dover", "email": "bendover@teleworm.us", "phone_number": "07925229463", "country": "GB", "postcode": "SA18 5WD", "town_or_city": "GARNSWLLT", "street_address1": "77 Guildry Street", "street_address2": null, "county": "GARNSWLLT", "date": "2021-12-20T21:11:38.444Z", "delivery_cost": "0.00", "order_total": "5700.00", "grand_total": "5700.00", "original_cart": "{\"8\": 600}", "stripe_pid": "pi_3K8t8dBVg7pwZhfc14BnY9X6"}}, {"model": "checkout.orderlineitem", "pk": 1, "fields": {"order": 1, "product": 2, "product_size": null, "quantity": 1, "lineitem_total": "50.00"}}, {"model": "checkout.orderlineitem", "pk": 2, "fields": {"order": 2, "product": 2, "product_size": null, "quantity": 2, "lineitem_total": "180.00"}}, {"model": "checkout.orderlineitem", "pk": 3, "fields": {"order": 3, "product": 2, "product_size": null, "quantity": 1, "lineitem_total": "90.00"}}, {"model": "checkout.orderlineitem", "pk": 4, "fields": {"order": 4, "product": 4, "product_size": null, "quantity": 1, "lineitem_total": "75.00"}}, {"model": "checkout.orderlineitem", "pk": 5, "fields": {"order": 4, "product": 7, "product_size": null, "quantity": 1, "lineitem_total": "9.50"}}, {"model": "checkout.orderlineitem", "pk": 6, "fields": {"order": 5, "product": 4, "product_size": null, "quantity": 8, "lineitem_total": "600.00"}}, {"model": "checkout.orderlineitem", "pk": 7, "fields": {"order": 6, "product": 3, "product_size": null, "quantity": 1, "lineitem_total": "65.00"}}, {"model": "checkout.orderlineitem", "pk": 8, "fields": {"order": 14, "product": 8, "product_size": null, "quantity": 600, "lineitem_total": "5700.00"}}, {"model": "profiles.userprofile", "pk": 25, "fields": {"user": 1, "default_phone_number": "+385916201381", "default_street_address1": "Dure Sudete 11", "default_street_address2": null, "default_town_or_city": "Bjelovar", "default_country": "HR", "default_postcode": "43000", "default_county": "bbz"}}, {"model": "profiles.userprofile", "pk": 26, "fields": {"user": 2, "default_phone_number": null, "default_street_address1": null, "default_street_address2": null, "default_town_or_city": null, "default_country": null, "default_postcode": null, "default_county": null}}, {"model": "profiles.userprofile", "pk": 27, "fields": {"user": 3, "default_phone_number": null, "default_street_address1": null, "default_street_address2": null, "default_town_or_city": null, "default_country": null, "default_postcode": null, "default_county": null}}, {"model": "profiles.userprofile", "pk": 28, "fields": {"user": 4, "default_phone_number": null, "default_street_address1": null, "default_street_address2": null, "default_town_or_city": null, "default_country": null, "default_postcode": null, "default_county": null}}, {"model": "profiles.userprofile", "pk": 29, "fields": {"user": 5, "default_phone_number": null, "default_street_address1": null, "default_street_address2": null, "default_town_or_city": null, "default_country": null, "default_postcode": null, "default_county": null}}, {"model": "profiles.userprofile", "pk": 30, "fields": {"user": 6, "default_phone_number": null, "default_street_address1": null, "default_street_address2": null, "default_town_or_city": null, "default_country": null, "default_postcode": null, "default_county": null}}, {"model": "profiles.userprofile", "pk": 31, "fields": {"user": 7, "default_phone_number": null, "default_street_address1": null, "default_street_address2": null, "default_town_or_city": null, "default_country": null, "default_postcode": null, "default_county": null}}, {"model": "profiles.userprofile", "pk": 32, "fields": {"user": 8, "default_phone_number": null, "default_street_address1": null, "default_street_address2": null, "default_town_or_city": null, "default_country": null, "default_postcode": null, "default_county": null}}, {"model": "profiles.userprofile", "pk": 33, "fields": {"user": 9, "default_phone_number": null, "default_street_address1": null, "default_street_address2": null, "default_town_or_city": null, "default_country": null, "default_postcode": null, "default_county": null}}, {"model": "profiles.userprofile", "pk": 35, "fields": {"user": 11, "default_phone_number": "+385916201381", "default_street_address1": "Dure Sudete 11", "default_street_address2": "lkdsjfdkljf", "default_town_or_city": "Bjelovar", "default_country": "HR", "default_postcode": "43000", "default_county": "xldfkjldkj"}}]